<?xml version="1.0" encoding="UTF-8"?>
<project-private xmlns="http://www.netbeans.org/ns/project-private/1">
    <editor-bookmarks xmlns="http://www.netbeans.org/ns/editor-bookmarks/2" lastBookmarkId="0"/>
    <open-files xmlns="http://www.netbeans.org/ns/projectui-open-files/2">
        <group>
            <file>file:/C:/Users/Pc-Gamers/OneDrive%20-%20correounivalle.edu.co/Documentos/univalle/tercer%20semestre/java/MiniProyecto%204-5/ReservaEquipos/src/control/ControlVistaEstudianteGUI.java</file>
            <file>file:/C:/Users/Pc-Gamers/OneDrive%20-%20correounivalle.edu.co/Documentos/univalle/tercer%20semestre/java/MiniProyecto%204-5/ReservaEquipos/src/control/ControlVistaMenu.java</file>
            <file>file:/C:/Users/Pc-Gamers/OneDrive%20-%20correounivalle.edu.co/Documentos/univalle/tercer%20semestre/java/MiniProyecto%204-5/ReservaEquipos/src/control/ControlVistaProfesorGUI.java</file>
            <file>file:/C:/Users/Pc-Gamers/OneDrive%20-%20correounivalle.edu.co/Documentos/univalle/tercer%20semestre/java/MiniProyecto%204-5/ReservaEquipos/src/vista/VistaEstudianteGUI.java</file>
            <file>file:/C:/Users/Pc-Gamers/OneDrive%20-%20correounivalle.edu.co/Documentos/univalle/tercer%20semestre/java/MiniProyecto%204-5/ReservaEquipos/src/modelo/EstudianteDAO.java</file>
        </group>
    </open-files>
</project-private>
